season,round,url,weather_warm,weather_cold,weather_dry,weather_wet,weather_cloudy,driver,grid,podium,driver_points,driver_wins,driver_standings_pos,constructor_points,constructor_wins,constructor_standings_pos,qualifying_time,driver_age
2022,1,http://en.wikipedia.org/wiki/2022_Bahrain_Grand_Prix,False,False,False,False,False,leclerc,1,1,26,1,1,44,1,1,90.55799999999999,24
2022,1,http://en.wikipedia.org/wiki/2022_Bahrain_Grand_Prix,False,False,False,False,False,max_verstappen,2,19,0,0,19,0,0,10,181.23899999999998,24
2022,1,http://en.wikipedia.org/wiki/2022_Bahrain_Grand_Prix,False,False,False,False,False,sainz,3,2,18,0,2,44,1,1,271.926,27
2022,1,http://en.wikipedia.org/wiki/2022_Bahrain_Grand_Prix,False,False,False,False,False,perez,4,18,0,0,18,0,0,10,362.847,32
2022,1,http://en.wikipedia.org/wiki/2022_Bahrain_Grand_Prix,False,False,False,False,False,hamilton,5,3,15,0,3,27,0,2,454.085,37
2022,1,http://en.wikipedia.org/wiki/2022_Bahrain_Grand_Prix,False,False,False,False,False,bottas,6,6,8,0,6,9,0,4,545.645,32
2022,1,http://en.wikipedia.org/wiki/2022_Bahrain_Grand_Prix,False,False,False,False,False,kevin_magnussen,7,5,10,0,5,10,0,3,637.453,29
2022,1,http://en.wikipedia.org/wiki/2022_Bahrain_Grand_Prix,False,False,False,False,False,alonso,8,9,2,0,9,8,0,5,729.6479999999999,40
2022,1,http://en.wikipedia.org/wiki/2022_Bahrain_Grand_Prix,False,False,False,False,False,russell,9,4,12,0,4,27,0,2,821.864,24
2022,1,http://en.wikipedia.org/wiki/2022_Bahrain_Grand_Prix,False,False,False,False,False,gasly,10,20,0,0,20,4,0,6,914.202,26
2022,1,http://en.wikipedia.org/wiki/2022_Bahrain_Grand_Prix,False,False,False,False,False,ocon,11,7,6,0,7,8,0,5,1005.9839999999999,25
2022,1,http://en.wikipedia.org/wiki/2022_Bahrain_Grand_Prix,False,False,False,False,False,mick_schumacher,12,11,0,0,11,10,0,3,1097.982,22
2022,1,http://en.wikipedia.org/wiki/2022_Bahrain_Grand_Prix,False,False,False,False,False,norris,13,15,0,0,15,0,0,9,1189.99,22
2022,1,http://en.wikipedia.org/wiki/2022_Bahrain_Grand_Prix,False,False,False,False,False,albon,14,13,0,0,13,0,0,8,1282.654,25
2022,1,http://en.wikipedia.org/wiki/2022_Bahrain_Grand_Prix,False,False,False,False,False,zhou,15,10,1,0,10,9,0,4,1376.197,22
2022,1,http://en.wikipedia.org/wiki/2022_Bahrain_Grand_Prix,False,False,False,False,False,tsunoda,16,8,4,0,8,4,0,6,1468.947,21
2022,1,http://en.wikipedia.org/wiki/2022_Bahrain_Grand_Prix,False,False,False,False,False,hulkenberg,17,17,0,0,17,0,0,7,1561.724,34
2022,1,http://en.wikipedia.org/wiki/2022_Bahrain_Grand_Prix,False,False,False,False,False,ricciardo,18,14,0,0,14,0,0,9,1654.6689999999999,32
2022,1,http://en.wikipedia.org/wiki/2022_Bahrain_Grand_Prix,False,False,False,False,False,stroll,19,12,0,0,12,0,0,7,1747.701,23
2022,1,http://en.wikipedia.org/wiki/2022_Bahrain_Grand_Prix,False,False,False,False,False,latifi,20,16,0,0,16,0,0,8,1841.335,26
2022,2,http://en.wikipedia.org/wiki/2022_Saudi_Arabian_Grand_Prix,False,False,False,False,False,perez,1,4,12,0,7,37,1,3,88.2,32
2022,2,http://en.wikipedia.org/wiki/2022_Saudi_Arabian_Grand_Prix,False,False,False,False,False,leclerc,2,2,45,1,1,78,1,1,176.425,24
2022,2,http://en.wikipedia.org/wiki/2022_Saudi_Arabian_Grand_Prix,False,False,False,False,False,sainz,3,3,33,0,2,78,1,1,264.827,27
2022,2,http://en.wikipedia.org/wiki/2022_Saudi_Arabian_Grand_Prix,False,False,False,False,False,max_verstappen,4,1,25,1,3,37,1,3,353.288,24
2022,2,http://en.wikipedia.org/wiki/2022_Saudi_Arabian_Grand_Prix,False,False,False,False,False,ocon,5,6,14,0,6,16,0,4,442.356,25
2022,2,http://en.wikipedia.org/wiki/2022_Saudi_Arabian_Grand_Prix,False,False,False,False,False,russell,6,5,22,0,4,38,0,2,531.46,24
2022,2,http://en.wikipedia.org/wiki/2022_Saudi_Arabian_Grand_Prix,False,False,False,False,False,alonso,7,16,2,0,13,16,0,4,620.607,40
2022,2,http://en.wikipedia.org/wiki/2022_Saudi_Arabian_Grand_Prix,False,False,False,False,False,bottas,8,15,8,0,9,9,0,6,709.79,32
2022,2,http://en.wikipedia.org/wiki/2022_Saudi_Arabian_Grand_Prix,False,False,False,False,False,gasly,9,8,4,0,12,8,0,7,799.044,26
2022,2,http://en.wikipedia.org/wiki/2022_Saudi_Arabian_Grand_Prix,False,False,False,False,False,kevin_magnussen,10,9,12,0,8,12,0,5,888.632,29
2022,2,http://en.wikipedia.org/wiki/2022_Saudi_Arabian_Grand_Prix,False,False,False,False,False,norris,11,7,6,0,10,6,0,8,978.283,22
2022,2,http://en.wikipedia.org/wiki/2022_Saudi_Arabian_Grand_Prix,False,False,False,False,False,zhou,12,11,1,0,14,9,0,6,1068.1019999999999,22
2022,2,http://en.wikipedia.org/wiki/2022_Saudi_Arabian_Grand_Prix,False,False,False,False,False,stroll,13,13,0,0,16,0,0,9,1159.1109999999999,23
2022,2,http://en.wikipedia.org/wiki/2022_Saudi_Arabian_Grand_Prix,False,False,False,False,False,ricciardo,14,17,0,0,19,6,0,8,1248.884,32
2022,2,http://en.wikipedia.org/wiki/2022_Saudi_Arabian_Grand_Prix,False,False,False,False,False,hamilton,15,10,16,0,5,38,0,2,1339.2269999999999,37
2022,2,http://en.wikipedia.org/wiki/2022_Saudi_Arabian_Grand_Prix,False,False,False,False,False,albon,16,14,0,0,18,0,0,10,1429.719,26
2022,2,http://en.wikipedia.org/wiki/2022_Saudi_Arabian_Grand_Prix,False,False,False,False,False,hulkenberg,17,12,0,0,17,0,0,9,1520.262,34
2022,2,http://en.wikipedia.org/wiki/2022_Saudi_Arabian_Grand_Prix,False,False,False,False,False,latifi,18,18,0,0,20,0,0,10,1612.079,26
2022,3,http://en.wikipedia.org/wiki/2022_Australian_Grand_Prix,False,False,False,False,False,leclerc,1,1,71,2,1,104,2,1,77.868,24
2022,3,http://en.wikipedia.org/wiki/2022_Australian_Grand_Prix,False,False,False,False,False,max_verstappen,2,18,25,1,6,55,1,3,156.022,24
2022,3,http://en.wikipedia.org/wiki/2022_Australian_Grand_Prix,False,False,False,False,False,perez,3,2,30,0,4,55,1,3,234.262,32
2022,3,http://en.wikipedia.org/wiki/2022_Australian_Grand_Prix,False,False,False,False,False,norris,4,5,16,0,8,24,0,4,312.965,22
2022,3,http://en.wikipedia.org/wiki/2022_Australian_Grand_Prix,False,False,False,False,False,hamilton,5,4,28,0,5,65,0,2,391.78999999999996,37
2022,3,http://en.wikipedia.org/wiki/2022_Australian_Grand_Prix,False,False,False,False,False,russell,6,3,37,0,2,65,0,2,470.72299999999996,24
2022,3,http://en.wikipedia.org/wiki/2022_Australian_Grand_Prix,False,False,False,False,False,ricciardo,7,6,8,0,11,24,0,4,549.755,32
2022,3,http://en.wikipedia.org/wiki/2022_Australian_Grand_Prix,False,False,False,False,False,ocon,8,7,20,0,7,22,0,5,628.816,25
2022,3,http://en.wikipedia.org/wiki/2022_Australian_Grand_Prix,False,False,False,False,False,sainz,9,20,33,0,3,104,2,1,708.2239999999999,27
2022,3,http://en.wikipedia.org/wiki/2022_Australian_Grand_Prix,False,False,False,False,False,gasly,11,9,6,0,12,10,0,8,787.45,26
2022,3,http://en.wikipedia.org/wiki/2022_Australian_Grand_Prix,False,False,False,False,False,bottas,12,8,12,0,10,13,0,6,866.86,32
2022,3,http://en.wikipedia.org/wiki/2022_Australian_Grand_Prix,False,False,False,False,False,tsunoda,13,15,4,0,13,10,0,8,946.284,21
2022,3,http://en.wikipedia.org/wiki/2022_Australian_Grand_Prix,False,False,False,False,False,zhou,14,11,1,0,15,13,0,6,1026.439,22
2022,3,http://en.wikipedia.org/wiki/2022_Australian_Grand_Prix,False,False,False,False,False,mick_schumacher,15,13,0,0,17,12,0,7,1106.904,23
2022,3,http://en.wikipedia.org/wiki/2022_Australian_Grand_Prix,False,False,False,False,False,kevin_magnussen,16,14,12,0,9,12,0,7,1187.158,29
2022,3,http://en.wikipedia.org/wiki/2022_Australian_Grand_Prix,False,False,False,False,False,vettel,17,19,0,0,21,0,0,10,1268.307,34
2022,3,http://en.wikipedia.org/wiki/2022_Australian_Grand_Prix,False,False,False,False,False,latifi,18,16,0,0,20,1,0,9,1349.679,26
2022,5,http://en.wikipedia.org/wiki/2022_Miami_Grand_Prix,False,False,False,False,False,leclerc,1,2,104,2,1,157,2,1,88.79599999999999,24
2022,5,http://en.wikipedia.org/wiki/2022_Miami_Grand_Prix,False,False,False,False,False,sainz,2,3,53,0,5,157,2,1,177.78199999999998,27
2022,5,http://en.wikipedia.org/wiki/2022_Miami_Grand_Prix,False,False,False,False,False,max_verstappen,3,1,85,3,2,151,3,2,266.773,24
2022,5,http://en.wikipedia.org/wiki/2022_Miami_Grand_Prix,False,False,False,False,False,perez,4,4,66,0,3,151,3,2,355.80899999999997,32
2022,5,http://en.wikipedia.org/wiki/2022_Miami_Grand_Prix,False,False,False,False,False,bottas,5,7,30,0,8,31,0,5,445.284,32
2022,5,http://en.wikipedia.org/wiki/2022_Miami_Grand_Prix,False,False,False,False,False,hamilton,6,6,36,0,6,95,0,3,534.909,37
2022,5,http://en.wikipedia.org/wiki/2022_Miami_Grand_Prix,False,False,False,False,False,gasly,7,18,6,0,13,16,0,7,624.5989999999999,26
2022,5,http://en.wikipedia.org/wiki/2022_Miami_Grand_Prix,False,False,False,False,False,norris,8,19,35,0,7,46,0,4,714.3489999999999,22
2022,5,http://en.wikipedia.org/wiki/2022_Miami_Grand_Prix,False,False,False,False,False,tsunoda,9,12,10,0,12,16,0,7,804.281,21
2022,5,http://en.wikipedia.org/wiki/2022_Miami_Grand_Prix,False,False,False,False,False,alonso,11,11,2,0,16,26,0,6,894.441,40
2022,5,http://en.wikipedia.org/wiki/2022_Miami_Grand_Prix,False,False,False,False,False,russell,12,5,59,0,4,95,0,3,984.614,24
2022,5,http://en.wikipedia.org/wiki/2022_Miami_Grand_Prix,False,False,False,False,False,ricciardo,14,13,11,0,11,46,0,4,1074.924,32
2022,5,http://en.wikipedia.org/wiki/2022_Miami_Grand_Prix,False,False,False,False,False,mick_schumacher,15,15,0,0,19,15,0,8,1165.347,23
2022,5,http://en.wikipedia.org/wiki/2022_Miami_Grand_Prix,False,False,False,False,False,kevin_magnussen,16,16,15,0,10,15,0,8,1256.322,29
2022,5,http://en.wikipedia.org/wiki/2022_Miami_Grand_Prix,False,False,False,False,False,zhou,17,20,1,0,18,31,0,5,1347.342,22
2022,5,http://en.wikipedia.org/wiki/2022_Miami_Grand_Prix,False,False,False,False,False,albon,18,9,3,0,15,3,0,10,1438.608,26
2022,5,http://en.wikipedia.org/wiki/2022_Miami_Grand_Prix,False,False,False,False,False,latifi,19,14,0,0,21,3,0,10,1529.933,26
2022,6,http://en.wikipedia.org/wiki/2022_Spanish_Grand_Prix,False,False,False,False,False,leclerc,1,20,104,2,2,169,2,2,78.75,24
2022,6,http://en.wikipedia.org/wiki/2022_Spanish_Grand_Prix,False,False,False,False,False,max_verstappen,2,1,110,4,1,195,4,1,157.823,24
2022,6,http://en.wikipedia.org/wiki/2022_Spanish_Grand_Prix,False,False,False,False,False,sainz,3,4,65,0,5,169,2,2,236.989,27
2022,6,http://en.wikipedia.org/wiki/2022_Spanish_Grand_Prix,False,False,False,False,False,russell,4,3,74,0,4,120,0,3,316.382,24
2022,6,http://en.wikipedia.org/wiki/2022_Spanish_Grand_Prix,False,False,False,False,False,perez,5,2,85,0,3,195,4,1,395.802,32
2022,6,http://en.wikipedia.org/wiki/2022_Spanish_Grand_Prix,False,False,False,False,False,hamilton,6,5,46,0,6,120,0,3,475.314,37
2022,6,http://en.wikipedia.org/wiki/2022_Spanish_Grand_Prix,False,False,False,False,False,bottas,7,6,38,0,8,39,0,5,554.922,32
2022,6,http://en.wikipedia.org/wiki/2022_Spanish_Grand_Prix,False,False,False,False,False,kevin_magnussen,8,17,15,0,10,15,0,8,634.604,29
2022,6,http://en.wikipedia.org/wiki/2022_Spanish_Grand_Prix,False,False,False,False,False,ricciardo,9,12,11,0,12,50,0,4,714.9010000000001,32
2022,6,http://en.wikipedia.org/wiki/2022_Spanish_Grand_Prix,False,False,False,False,False,mick_schumacher,10,14,0,0,19,15,0,8,795.269,23
2022,6,http://en.wikipedia.org/wiki/2022_Spanish_Grand_Prix,False,False,False,False,False,norris,11,8,39,0,7,50,0,4,875.74,22
2022,6,http://en.wikipedia.org/wiki/2022_Spanish_Grand_Prix,False,False,False,False,False,ocon,12,7,30,0,9,34,0,6,956.378,25
2022,6,http://en.wikipedia.org/wiki/2022_Spanish_Grand_Prix,False,False,False,False,False,tsunoda,13,10,11,0,11,17,0,7,1037.017,22
2022,6,http://en.wikipedia.org/wiki/2022_Spanish_Grand_Prix,False,False,False,False,False,gasly,14,13,6,0,13,17,0,7,1117.878,26
2022,6,http://en.wikipedia.org/wiki/2022_Spanish_Grand_Prix,False,False,False,False,False,zhou,15,19,1,0,18,39,0,5,1198.972,22
2022,6,http://en.wikipedia.org/wiki/2022_Spanish_Grand_Prix,False,False,False,False,False,vettel,16,11,4,0,14,6,0,9,1279.926,34
2022,6,http://en.wikipedia.org/wiki/2022_Spanish_Grand_Prix,False,False,False,False,False,stroll,17,15,2,0,17,6,0,9,1361.344,23
2022,6,http://en.wikipedia.org/wiki/2022_Spanish_Grand_Prix,False,False,False,False,False,albon,18,18,3,0,16,3,0,10,1442.989,26
2022,6,http://en.wikipedia.org/wiki/2022_Spanish_Grand_Prix,False,False,False,False,False,latifi,19,16,0,0,21,3,0,10,1524.904,26
2022,6,http://en.wikipedia.org/wiki/2022_Spanish_Grand_Prix,False,False,False,False,False,alonso,20,9,4,0,15,34,0,6,1605.9470000000001,40
2022,7,http://en.wikipedia.org/wiki/2022_Monaco_Grand_Prix,False,False,False,False,False,leclerc,1,4,116,2,2,199,2,2,71.376,24
2022,7,http://en.wikipedia.org/wiki/2022_Monaco_Grand_Prix,False,False,False,False,False,sainz,2,2,83,0,5,199,2,2,142.977,27
2022,7,http://en.wikipedia.org/wiki/2022_Monaco_Grand_Prix,False,False,False,False,False,perez,3,1,110,1,3,235,5,1,214.606,32
2022,7,http://en.wikipedia.org/wiki/2022_Monaco_Grand_Prix,False,False,False,False,False,max_verstappen,4,3,125,4,1,235,5,1,286.272,24
2022,7,http://en.wikipedia.org/wiki/2022_Monaco_Grand_Prix,False,False,False,False,False,norris,5,6,48,0,7,59,0,4,358.121,22
2022,7,http://en.wikipedia.org/wiki/2022_Monaco_Grand_Prix,False,False,False,False,False,russell,6,5,84,0,4,134,0,3,430.233,24
2022,7,http://en.wikipedia.org/wiki/2022_Monaco_Grand_Prix,False,False,False,False,False,alonso,7,7,10,0,13,40,0,6,502.48,40
2022,7,http://en.wikipedia.org/wiki/2022_Monaco_Grand_Prix,False,False,False,False,False,hamilton,8,8,50,0,6,134,0,3,575.04,37
2022,7,http://en.wikipedia.org/wiki/2022_Monaco_Grand_Prix,False,False,False,False,False,vettel,9,10,5,0,15,7,0,9,647.772,34
2022,7,http://en.wikipedia.org/wiki/2022_Monaco_Grand_Prix,False,False,False,False,False,ocon,10,12,30,0,9,40,0,6,720.819,25
2022,7,http://en.wikipedia.org/wiki/2022_Monaco_Grand_Prix,False,False,False,False,False,tsunoda,11,17,11,0,12,17,0,7,793.616,22
2022,7,http://en.wikipedia.org/wiki/2022_Monaco_Grand_Prix,False,False,False,False,False,bottas,12,9,40,0,8,41,0,5,866.525,32
2022,7,http://en.wikipedia.org/wiki/2022_Monaco_Grand_Prix,False,False,False,False,False,kevin_magnussen,13,20,15,0,10,15,0,8,939.446,29
2022,7,http://en.wikipedia.org/wiki/2022_Monaco_Grand_Prix,False,False,False,False,False,ricciardo,14,13,11,0,11,59,0,4,1012.41,32
2022,7,http://en.wikipedia.org/wiki/2022_Monaco_Grand_Prix,False,False,False,False,False,mick_schumacher,15,19,0,0,19,15,0,8,1085.491,23
2022,7,http://en.wikipedia.org/wiki/2022_Monaco_Grand_Prix,False,False,False,False,False,albon,16,18,3,0,16,3,0,10,1159.102,26
2022,7,http://en.wikipedia.org/wiki/2022_Monaco_Grand_Prix,False,False,False,False,False,gasly,17,11,6,0,14,17,0,7,1232.762,26
2022,7,http://en.wikipedia.org/wiki/2022_Monaco_Grand_Prix,False,False,False,False,False,stroll,18,14,2,0,17,7,0,9,1306.44,23
2022,7,http://en.wikipedia.org/wiki/2022_Monaco_Grand_Prix,False,False,False,False,False,latifi,19,15,0,0,21,3,0,10,1380.843,26
2022,7,http://en.wikipedia.org/wiki/2022_Monaco_Grand_Prix,False,False,False,False,False,zhou,20,16,1,0,18,41,0,5,1456.449,22
2022,8,http://en.wikipedia.org/wiki/2022_Azerbaijan_Grand_Prix,False,False,False,False,False,leclerc,1,19,116,2,3,199,2,2,101.35900000000001,24
2022,8,http://en.wikipedia.org/wiki/2022_Azerbaijan_Grand_Prix,False,False,False,False,False,perez,2,2,129,1,2,279,6,1,203.0,32
2022,8,http://en.wikipedia.org/wiki/2022_Azerbaijan_Grand_Prix,False,False,False,False,False,max_verstappen,3,1,150,5,1,279,6,1,304.706,24
2022,8,http://en.wikipedia.org/wiki/2022_Azerbaijan_Grand_Prix,False,False,False,False,False,sainz,4,20,83,0,5,199,2,2,406.52,27
2022,8,http://en.wikipedia.org/wiki/2022_Azerbaijan_Grand_Prix,False,False,False,False,False,russell,5,3,99,0,4,161,0,3,509.23199999999997,24
2022,8,http://en.wikipedia.org/wiki/2022_Azerbaijan_Grand_Prix,False,False,False,False,False,gasly,6,5,16,0,10,27,0,7,612.077,26
2022,8,http://en.wikipedia.org/wiki/2022_Azerbaijan_Grand_Prix,False,False,False,False,False,hamilton,7,4,62,0,6,161,0,3,715.001,37
2022,8,http://en.wikipedia.org/wiki/2022_Azerbaijan_Grand_Prix,False,False,False,False,False,tsunoda,8,13,11,0,15,27,0,7,818.057,22
2022,8,http://en.wikipedia.org/wiki/2022_Azerbaijan_Grand_Prix,False,False,False,False,False,vettel,9,6,13,0,14,15,0,9,921.148,34
2022,8,http://en.wikipedia.org/wiki/2022_Azerbaijan_Grand_Prix,False,False,False,False,False,alonso,10,7,16,0,11,47,0,5,1024.321,40
2022,8,http://en.wikipedia.org/wiki/2022_Azerbaijan_Grand_Prix,False,False,False,False,False,norris,11,9,50,0,7,65,0,4,1127.719,22
2022,8,http://en.wikipedia.org/wiki/2022_Azerbaijan_Grand_Prix,False,False,False,False,False,ricciardo,12,8,15,0,13,65,0,4,1231.2930000000001,32
2022,8,http://en.wikipedia.org/wiki/2022_Azerbaijan_Grand_Prix,False,False,False,False,False,ocon,13,10,31,0,9,47,0,5,1334.878,25
2022,8,http://en.wikipedia.org/wiki/2022_Azerbaijan_Grand_Prix,False,False,False,False,False,zhou,14,18,1,0,18,41,0,6,1438.6680000000001,23
2022,8,http://en.wikipedia.org/wiki/2022_Azerbaijan_Grand_Prix,False,False,False,False,False,bottas,15,11,40,0,8,41,0,6,1543.112,32
2022,8,http://en.wikipedia.org/wiki/2022_Azerbaijan_Grand_Prix,False,False,False,False,False,kevin_magnussen,16,17,15,0,12,15,0,8,1647.755,29
2022,8,http://en.wikipedia.org/wiki/2022_Azerbaijan_Grand_Prix,False,False,False,False,False,albon,17,12,3,0,16,3,0,10,1752.474,26
2022,8,http://en.wikipedia.org/wiki/2022_Azerbaijan_Grand_Prix,False,False,False,False,False,latifi,18,15,0,0,21,3,0,10,1857.841,26
2022,8,http://en.wikipedia.org/wiki/2022_Azerbaijan_Grand_Prix,False,False,False,False,False,stroll,19,16,2,0,17,15,0,9,1963.212,23
2022,8,http://en.wikipedia.org/wiki/2022_Azerbaijan_Grand_Prix,False,False,False,False,False,mick_schumacher,20,14,0,0,19,15,0,8,2068.987,23
2022,9,http://en.wikipedia.org/wiki/2022_Canadian_Grand_Prix,False,False,False,False,False,max_verstappen,1,1,175,6,1,304,7,1,81.299,24
2022,9,http://en.wikipedia.org/wiki/2022_Canadian_Grand_Prix,False,False,False,False,False,alonso,2,9,18,0,10,57,0,5,163.243,40
2022,9,http://en.wikipedia.org/wiki/2022_Canadian_Grand_Prix,False,False,False,False,False,sainz,3,2,102,0,5,228,2,2,245.339,27
2022,9,http://en.wikipedia.org/wiki/2022_Canadian_Grand_Prix,False,False,False,False,False,hamilton,4,3,77,0,6,188,0,3,328.23,37
2022,9,http://en.wikipedia.org/wiki/2022_Canadian_Grand_Prix,False,False,False,False,False,kevin_magnussen,5,17,15,0,12,15,0,9,411.19,29
2022,9,http://en.wikipedia.org/wiki/2022_Canadian_Grand_Prix,False,False,False,False,False,mick_schumacher,6,19,0,0,19,15,0,9,494.546,23
2022,9,http://en.wikipedia.org/wiki/2022_Canadian_Grand_Prix,False,False,False,False,False,ocon,7,6,39,0,9,57,0,5,578.075,25
2022,9,http://en.wikipedia.org/wiki/2022_Canadian_Grand_Prix,False,False,False,False,False,russell,8,4,111,0,4,188,0,3,661.6320000000001,24
2022,9,http://en.wikipedia.org/wiki/2022_Canadian_Grand_Prix,False,False,False,False,False,ricciardo,9,11,15,0,13,65,0,4,745.381,32
2022,9,http://en.wikipedia.org/wiki/2022_Canadian_Grand_Prix,False,False,False,False,False,zhou,10,8,5,0,16,51,0,6,829.4110000000001,23
2022,9,http://en.wikipedia.org/wiki/2022_Canadian_Grand_Prix,False,False,False,False,False,bottas,11,7,46,0,8,51,0,6,916.199,32
2022,9,http://en.wikipedia.org/wiki/2022_Canadian_Grand_Prix,False,False,False,False,False,albon,12,13,3,0,17,3,0,10,1003.057,26
2022,9,http://en.wikipedia.org/wiki/2022_Canadian_Grand_Prix,False,False,False,False,False,perez,13,20,129,1,2,304,7,1,1096.184,32
2022,9,http://en.wikipedia.org/wiki/2022_Canadian_Grand_Prix,False,False,False,False,False,gasly,15,14,16,0,11,27,0,7,1190.676,26
2022,9,http://en.wikipedia.org/wiki/2022_Canadian_Grand_Prix,False,False,False,False,False,vettel,16,12,13,0,14,16,0,8,1285.188,34
2022,9,http://en.wikipedia.org/wiki/2022_Canadian_Grand_Prix,False,False,False,False,False,stroll,17,10,3,0,18,16,0,8,1380.72,23
2022,9,http://en.wikipedia.org/wiki/2022_Canadian_Grand_Prix,False,False,False,False,False,latifi,18,16,0,0,21,3,0,10,1476.38,26
2022,9,http://en.wikipedia.org/wiki/2022_Canadian_Grand_Prix,False,False,False,False,False,tsunoda,20,18,11,0,15,27,0,7,1572.955,22
2022,10,http://en.wikipedia.org/wiki/2022_British_Grand_Prix,False,False,False,False,False,sainz,1,1,127,1,4,265,3,2,100.983,27
2022,10,http://en.wikipedia.org/wiki/2022_British_Grand_Prix,False,False,False,False,False,max_verstappen,2,7,181,6,1,328,7,1,202.038,24
2022,10,http://en.wikipedia.org/wiki/2022_British_Grand_Prix,False,False,False,False,False,leclerc,3,4,138,2,3,265,3,2,303.336,24
2022,10,http://en.wikipedia.org/wiki/2022_British_Grand_Prix,False,False,False,False,False,perez,4,2,147,1,2,328,7,1,404.952,32
2022,10,http://en.wikipedia.org/wiki/2022_British_Grand_Prix,False,False,False,False,False,hamilton,5,3,93,0,6,204,0,3,506.947,37
2022,10,http://en.wikipedia.org/wiki/2022_British_Grand_Prix,False,False,False,False,False,norris,6,6,58,0,7,73,0,4,609.0310000000001,22
2022,10,http://en.wikipedia.org/wiki/2022_British_Grand_Prix,False,False,False,False,False,alonso,7,5,28,0,10,67,0,5,711.147,40
2022,10,http://en.wikipedia.org/wiki/2022_British_Grand_Prix,False,False,False,False,False,russell,8,18,111,0,5,204,0,3,813.308,24
2022,10,http://en.wikipedia.org/wiki/2022_British_Grand_Prix,False,False,False,False,False,zhou,9,19,5,0,16,51,0,6,916.027,23
2022,10,http://en.wikipedia.org/wiki/2022_British_Grand_Prix,False,False,False,False,False,latifi,10,12,0,0,20,3,0,10,1039.122,27
2022,10,http://en.wikipedia.org/wiki/2022_British_Grand_Prix,False,False,False,False,False,gasly,11,16,16,0,11,27,0,7,1142.824,26
2022,10,http://en.wikipedia.org/wiki/2022_British_Grand_Prix,False,False,False,False,False,bottas,12,17,46,0,8,51,0,6,1247.056,32
2022,10,http://en.wikipedia.org/wiki/2022_British_Grand_Prix,False,False,False,False,False,tsunoda,13,14,11,0,15,27,0,7,1351.367,22
2022,10,http://en.wikipedia.org/wiki/2022_British_Grand_Prix,False,False,False,False,False,ricciardo,14,13,15,0,14,73,0,4,1455.722,33
2022,10,http://en.wikipedia.org/wiki/2022_British_Grand_Prix,False,False,False,False,False,ocon,15,15,39,0,9,67,0,5,1560.912,25
2022,10,http://en.wikipedia.org/wiki/2022_British_Grand_Prix,False,False,False,False,False,albon,16,20,3,0,18,3,0,10,1662.99,26
2022,10,http://en.wikipedia.org/wiki/2022_British_Grand_Prix,False,False,False,False,False,kevin_magnussen,17,10,16,0,12,20,0,8,1765.149,29
2022,10,http://en.wikipedia.org/wiki/2022_British_Grand_Prix,False,False,False,False,False,vettel,18,9,15,0,13,18,0,9,1867.815,35
2022,10,http://en.wikipedia.org/wiki/2022_British_Grand_Prix,False,False,False,False,False,mick_schumacher,19,8,4,0,17,20,0,8,1970.523,23
2022,10,http://en.wikipedia.org/wiki/2022_British_Grand_Prix,False,False,False,False,False,stroll,20,11,3,0,19,18,0,9,2073.953,23
2022,12,http://en.wikipedia.org/wiki/2022_French_Grand_Prix,False,False,False,False,False,leclerc,1,19,170,3,2,314,4,2,90.872,24
2022,12,http://en.wikipedia.org/wiki/2022_French_Grand_Prix,False,False,False,False,False,max_verstappen,2,1,233,7,1,396,8,1,182.048,24
2022,12,http://en.wikipedia.org/wiki/2022_French_Grand_Prix,False,False,False,False,False,perez,3,4,163,1,3,396,8,1,273.38300000000004,32
2022,12,http://en.wikipedia.org/wiki/2022_French_Grand_Prix,False,False,False,False,False,hamilton,4,2,127,0,6,270,0,3,365.148,37
2022,12,http://en.wikipedia.org/wiki/2022_French_Grand_Prix,False,False,False,False,False,norris,5,7,70,0,7,89,0,5,457.18,22
2022,12,http://en.wikipedia.org/wiki/2022_French_Grand_Prix,False,False,False,False,False,russell,6,3,143,0,5,270,0,3,549.311,24
2022,12,http://en.wikipedia.org/wiki/2022_French_Grand_Prix,False,False,False,False,False,alonso,7,6,37,0,10,93,0,4,641.863,40
2022,12,http://en.wikipedia.org/wiki/2022_French_Grand_Prix,False,False,False,False,False,tsunoda,8,20,11,0,16,27,0,8,734.643,22
2022,12,http://en.wikipedia.org/wiki/2022_French_Grand_Prix,False,False,False,False,False,ricciardo,9,9,19,0,12,89,0,5,827.565,33
2022,12,http://en.wikipedia.org/wiki/2022_French_Grand_Prix,False,False,False,False,False,ocon,10,8,56,0,8,93,0,4,920.613,25
2022,12,http://en.wikipedia.org/wiki/2022_French_Grand_Prix,False,False,False,False,False,bottas,11,14,46,0,9,51,0,6,1013.665,32
2022,12,http://en.wikipedia.org/wiki/2022_French_Grand_Prix,False,False,False,False,False,vettel,12,11,15,0,14,19,0,9,1106.941,35
2022,12,http://en.wikipedia.org/wiki/2022_French_Grand_Prix,False,False,False,False,False,albon,13,13,3,0,19,3,0,10,1200.248,26
2022,12,http://en.wikipedia.org/wiki/2022_French_Grand_Prix,False,False,False,False,False,gasly,14,12,16,0,13,27,0,8,1293.687,26
2022,12,http://en.wikipedia.org/wiki/2022_French_Grand_Prix,False,False,False,False,False,stroll,15,10,4,0,18,19,0,9,1387.126,23
2022,12,http://en.wikipedia.org/wiki/2022_French_Grand_Prix,False,False,False,False,False,zhou,16,16,5,0,17,51,0,6,1480.8,23
2022,12,http://en.wikipedia.org/wiki/2022_French_Grand_Prix,False,False,False,False,False,mick_schumacher,17,15,12,0,15,34,0,7,1574.501,23
2022,12,http://en.wikipedia.org/wiki/2022_French_Grand_Prix,False,False,False,False,False,latifi,18,17,0,0,20,3,0,10,1668.295,27
2022,13,http://en.wikipedia.org/wiki/2022_Hungarian_Grand_Prix,False,False,False,False,False,russell,1,3,158,0,4,304,0,3,77.377,24
2022,13,http://en.wikipedia.org/wiki/2022_Hungarian_Grand_Prix,False,False,False,False,False,sainz,2,4,156,1,5,334,4,2,154.798,27
2022,13,http://en.wikipedia.org/wiki/2022_Hungarian_Grand_Prix,False,False,False,False,False,leclerc,3,6,178,3,2,334,4,2,232.365,24
2022,13,http://en.wikipedia.org/wiki/2022_Hungarian_Grand_Prix,False,False,False,False,False,norris,4,7,76,0,7,95,0,5,310.134,22
2022,13,http://en.wikipedia.org/wiki/2022_Hungarian_Grand_Prix,False,False,False,False,False,ocon,5,9,58,0,8,99,0,4,388.152,25
2022,13,http://en.wikipedia.org/wiki/2022_Hungarian_Grand_Prix,False,False,False,False,False,alonso,6,8,41,0,10,99,0,4,466.23,41
2022,13,http://en.wikipedia.org/wiki/2022_Hungarian_Grand_Prix,False,False,False,False,False,hamilton,7,2,146,0,6,304,0,3,544.372,37
2022,13,http://en.wikipedia.org/wiki/2022_Hungarian_Grand_Prix,False,False,False,False,False,bottas,8,20,46,0,9,51,0,6,622.529,32
2022,13,http://en.wikipedia.org/wiki/2022_Hungarian_Grand_Prix,False,False,False,False,False,ricciardo,9,15,19,0,12,95,0,5,700.908,33
2022,13,http://en.wikipedia.org/wiki/2022_Hungarian_Grand_Prix,False,False,False,False,False,max_verstappen,10,1,258,8,1,431,9,1,779.731,24
2022,13,http://en.wikipedia.org/wiki/2022_Hungarian_Grand_Prix,False,False,False,False,False,perez,11,5,173,1,3,431,9,1,858.247,32
2022,13,http://en.wikipedia.org/wiki/2022_Hungarian_Grand_Prix,False,False,False,False,False,zhou,12,13,5,0,17,51,0,6,936.82,23
2022,13,http://en.wikipedia.org/wiki/2022_Hungarian_Grand_Prix,False,False,False,False,False,kevin_magnussen,13,16,22,0,11,34,0,7,1015.645,29
2022,13,http://en.wikipedia.org/wiki/2022_Hungarian_Grand_Prix,False,False,False,False,False,stroll,14,11,4,0,18,20,0,9,1094.782,23
2022,13,http://en.wikipedia.org/wiki/2022_Hungarian_Grand_Prix,False,False,False,False,False,mick_schumacher,15,14,12,0,15,34,0,7,1173.984,23
2022,13,http://en.wikipedia.org/wiki/2022_Hungarian_Grand_Prix,False,False,False,False,False,tsunoda,16,19,11,0,16,27,0,8,1253.224,22
2022,13,http://en.wikipedia.org/wiki/2022_Hungarian_Grand_Prix,False,False,False,False,False,albon,17,17,3,0,19,3,0,10,1332.48,26
2022,13,http://en.wikipedia.org/wiki/2022_Hungarian_Grand_Prix,False,False,False,False,False,vettel,18,10,16,0,14,20,0,9,1411.753,35
2022,13,http://en.wikipedia.org/wiki/2022_Hungarian_Grand_Prix,False,False,False,False,False,latifi,19,18,0,0,20,3,0,10,1491.323,27
2022,14,http://en.wikipedia.org/wiki/2022_Belgian_Grand_Prix,False,False,False,False,False,sainz,1,3,171,1,4,357,4,2,104.297,27
2022,14,http://en.wikipedia.org/wiki/2022_Belgian_Grand_Prix,False,False,False,False,False,perez,2,2,191,1,2,475,10,1,208.75900000000001,32
2022,14,http://en.wikipedia.org/wiki/2022_Belgian_Grand_Prix,False,False,False,False,False,alonso,3,5,51,0,9,115,0,4,314.127,41
2022,14,http://en.wikipedia.org/wiki/2022_Belgian_Grand_Prix,False,False,False,False,False,hamilton,4,20,146,0,6,316,0,3,419.63,37
2022,14,http://en.wikipedia.org/wiki/2022_Belgian_Grand_Prix,False,False,False,False,False,russell,5,4,170,0,5,316,0,3,525.406,24
2022,14,http://en.wikipedia.org/wiki/2022_Belgian_Grand_Prix,False,False,False,False,False,albon,6,10,4,0,18,4,0,10,631.243,26
2022,14,http://en.wikipedia.org/wiki/2022_Belgian_Grand_Prix,False,False,False,False,False,ricciardo,7,15,19,0,13,95,0,5,737.01,33
2022,14,http://en.wikipedia.org/wiki/2022_Belgian_Grand_Prix,False,False,False,False,False,stroll,9,11,4,0,19,24,0,9,843.621,23
2022,14,http://en.wikipedia.org/wiki/2022_Belgian_Grand_Prix,False,False,False,False,False,vettel,10,8,20,0,12,24,0,9,949.965,35
2022,14,http://en.wikipedia.org/wiki/2022_Belgian_Grand_Prix,False,False,False,False,False,latifi,11,18,0,0,20,4,0,10,1056.366,27
2022,14,http://en.wikipedia.org/wiki/2022_Belgian_Grand_Prix,False,False,False,False,False,kevin_magnussen,12,16,22,0,11,34,0,7,1162.923,29
2022,14,http://en.wikipedia.org/wiki/2022_Belgian_Grand_Prix,False,False,False,False,False,bottas,13,19,46,0,10,51,0,6,1270.789,33
2022,14,http://en.wikipedia.org/wiki/2022_Belgian_Grand_Prix,False,False,False,False,False,max_verstappen,14,1,284,9,1,475,10,1,1374.454,24
2022,14,http://en.wikipedia.org/wiki/2022_Belgian_Grand_Prix,False,False,False,False,False,leclerc,15,6,186,3,3,357,4,2,1479.007,24
2022,14,http://en.wikipedia.org/wiki/2022_Belgian_Grand_Prix,False,False,False,False,False,ocon,16,7,64,0,8,115,0,4,1584.187,25
2022,14,http://en.wikipedia.org/wiki/2022_Belgian_Grand_Prix,False,False,False,False,False,norris,17,12,76,0,7,95,0,5,1690.365,22
2022,14,http://en.wikipedia.org/wiki/2022_Belgian_Grand_Prix,False,False,False,False,False,zhou,18,14,5,0,17,51,0,6,1796.45,23
2022,14,http://en.wikipedia.org/wiki/2022_Belgian_Grand_Prix,False,False,False,False,False,mick_schumacher,19,17,12,0,15,34,0,7,1904.1680000000001,23
2022,15,http://en.wikipedia.org/wiki/2022_Dutch_Grand_Prix,False,False,False,False,False,max_verstappen,1,1,310,10,1,511,11,1,70.342,24
2022,15,http://en.wikipedia.org/wiki/2022_Dutch_Grand_Prix,False,False,False,False,False,leclerc,2,3,201,3,2,376,4,2,140.70499999999998,24
2022,15,http://en.wikipedia.org/wiki/2022_Dutch_Grand_Prix,False,False,False,False,False,sainz,3,8,175,1,5,376,4,2,211.139,28
2022,15,http://en.wikipedia.org/wiki/2022_Dutch_Grand_Prix,False,False,False,False,False,hamilton,4,4,158,0,6,346,0,3,281.787,37
2022,15,http://en.wikipedia.org/wiki/2022_Dutch_Grand_Prix,False,False,False,False,False,perez,5,5,201,1,3,511,11,1,352.864,32
2022,15,http://en.wikipedia.org/wiki/2022_Dutch_Grand_Prix,False,False,False,False,False,russell,6,2,188,0,4,346,0,3,424.01099999999997,24
2022,15,http://en.wikipedia.org/wiki/2022_Dutch_Grand_Prix,False,False,False,False,False,norris,7,7,82,0,7,101,0,5,495.185,22
2022,15,http://en.wikipedia.org/wiki/2022_Dutch_Grand_Prix,False,False,False,False,False,mick_schumacher,8,13,12,0,15,34,0,7,566.627,23
2022,15,http://en.wikipedia.org/wiki/2022_Dutch_Grand_Prix,False,False,False,False,False,tsunoda,9,20,11,0,16,29,0,8,639.183,22
2022,15,http://en.wikipedia.org/wiki/2022_Dutch_Grand_Prix,False,False,False,False,False,gasly,11,11,18,0,14,29,0,8,710.695,26
2022,15,http://en.wikipedia.org/wiki/2022_Dutch_Grand_Prix,False,False,False,False,False,ocon,12,9,66,0,8,125,0,4,782.3,25
2022,15,http://en.wikipedia.org/wiki/2022_Dutch_Grand_Prix,False,False,False,False,False,alonso,13,6,59,0,9,125,0,4,853.913,41
2022,15,http://en.wikipedia.org/wiki/2022_Dutch_Grand_Prix,False,False,False,False,False,zhou,14,16,5,0,17,51,0,6,925.617,23
2022,15,http://en.wikipedia.org/wiki/2022_Dutch_Grand_Prix,False,False,False,False,False,albon,15,12,4,0,19,4,0,10,997.419,26
2022,15,http://en.wikipedia.org/wiki/2022_Dutch_Grand_Prix,False,False,False,False,False,bottas,16,19,46,0,10,51,0,6,1069.38,33
2022,15,http://en.wikipedia.org/wiki/2022_Dutch_Grand_Prix,False,False,False,False,False,ricciardo,17,17,19,0,13,101,0,5,1141.461,33
2022,15,http://en.wikipedia.org/wiki/2022_Dutch_Grand_Prix,False,False,False,False,False,kevin_magnussen,18,15,22,0,11,34,0,7,1213.78,29
2022,15,http://en.wikipedia.org/wiki/2022_Dutch_Grand_Prix,False,False,False,False,False,vettel,19,14,20,0,12,25,0,9,1286.171,35
2022,15,http://en.wikipedia.org/wiki/2022_Dutch_Grand_Prix,False,False,False,False,False,latifi,20,18,0,0,20,4,0,10,1359.5240000000001,27
2022,16,http://en.wikipedia.org/wiki/2022_Italian_Grand_Prix,False,False,False,False,False,leclerc,1,2,219,3,2,406,4,2,80.161,24
2022,16,http://en.wikipedia.org/wiki/2022_Italian_Grand_Prix,False,False,False,False,False,russell,2,3,203,0,4,371,0,3,161.703,24
2022,16,http://en.wikipedia.org/wiki/2022_Italian_Grand_Prix,False,False,False,False,False,norris,3,7,88,0,7,107,0,5,243.287,22
2022,16,http://en.wikipedia.org/wiki/2022_Italian_Grand_Prix,False,False,False,False,False,ricciardo,4,17,19,0,14,107,0,5,325.212,33
2022,16,http://en.wikipedia.org/wiki/2022_Italian_Grand_Prix,False,False,False,False,False,gasly,5,8,22,0,11,33,0,8,407.86,26
2022,16,http://en.wikipedia.org/wiki/2022_Italian_Grand_Prix,False,False,False,False,False,max_verstappen,7,1,335,11,1,545,12,1,488.166,24
2022,16,http://en.wikipedia.org/wiki/2022_Italian_Grand_Prix,False,False,False,False,False,de_vries,8,9,2,0,20,6,0,10,570.637,27
2022,16,http://en.wikipedia.org/wiki/2022_Italian_Grand_Prix,False,False,False,False,False,zhou,9,10,6,0,17,52,0,6,653.2139999999999,23
2022,16,http://en.wikipedia.org/wiki/2022_Italian_Grand_Prix,False,False,False,False,False,latifi,10,15,0,0,21,6,0,10,735.801,27
2022,16,http://en.wikipedia.org/wiki/2022_Italian_Grand_Prix,False,False,False,False,False,vettel,11,20,20,0,13,25,0,9,818.437,35
2022,16,http://en.wikipedia.org/wiki/2022_Italian_Grand_Prix,False,False,False,False,False,stroll,12,18,5,0,18,25,0,9,901.185,23
2022,16,http://en.wikipedia.org/wiki/2022_Italian_Grand_Prix,False,False,False,False,False,perez,13,6,210,1,3,545,12,1,982.391,32
2022,16,http://en.wikipedia.org/wiki/2022_Italian_Grand_Prix,False,False,False,False,False,ocon,14,11,66,0,8,125,0,4,1064.521,25
2022,16,http://en.wikipedia.org/wiki/2022_Italian_Grand_Prix,False,False,False,False,False,bottas,15,13,46,0,10,52,0,6,1146.756,33
2022,16,http://en.wikipedia.org/wiki/2022_Italian_Grand_Prix,False,False,False,False,False,kevin_magnussen,16,16,22,0,12,34,0,7,1229.664,29
2022,16,http://en.wikipedia.org/wiki/2022_Italian_Grand_Prix,False,False,False,False,False,mick_schumacher,17,12,12,0,15,34,0,7,1312.669,23
2022,16,http://en.wikipedia.org/wiki/2022_Italian_Grand_Prix,False,False,False,False,False,sainz,18,4,187,1,5,406,4,2,1393.098,28
2022,16,http://en.wikipedia.org/wiki/2022_Italian_Grand_Prix,False,False,False,False,False,hamilton,19,5,168,0,6,371,0,3,1474.622,37
2022,17,http://en.wikipedia.org/wiki/2022_Singapore_Grand_Prix,False,False,False,False,False,leclerc,1,2,237,3,2,439,4,2,109.412,24
2022,17,http://en.wikipedia.org/wiki/2022_Singapore_Grand_Prix,False,False,False,False,False,perez,2,1,235,2,3,576,13,1,218.846,32
2022,17,http://en.wikipedia.org/wiki/2022_Singapore_Grand_Prix,False,False,False,False,False,hamilton,3,9,170,0,6,373,0,3,328.312,37
2022,17,http://en.wikipedia.org/wiki/2022_Singapore_Grand_Prix,False,False,False,False,False,sainz,4,3,202,1,5,439,4,2,437.895,28
2022,17,http://en.wikipedia.org/wiki/2022_Singapore_Grand_Prix,False,False,False,False,False,alonso,5,18,59,0,9,125,0,5,547.861,41
2022,17,http://en.wikipedia.org/wiki/2022_Singapore_Grand_Prix,False,False,False,False,False,norris,6,4,100,0,7,129,0,4,658.445,22
2022,17,http://en.wikipedia.org/wiki/2022_Singapore_Grand_Prix,False,False,False,False,False,gasly,7,10,23,0,13,34,0,9,769.6560000000001,26
2022,17,http://en.wikipedia.org/wiki/2022_Singapore_Grand_Prix,False,False,False,False,False,max_verstappen,8,7,341,11,1,576,13,1,881.051,25
2022,17,http://en.wikipedia.org/wiki/2022_Singapore_Grand_Prix,False,False,False,False,False,kevin_magnussen,9,12,22,0,14,34,0,8,992.624,29
2022,17,http://en.wikipedia.org/wiki/2022_Singapore_Grand_Prix,False,False,False,False,False,tsunoda,10,15,11,0,17,34,0,9,1104.607,22
2022,17,http://en.wikipedia.org/wiki/2022_Singapore_Grand_Prix,False,False,False,False,False,stroll,11,6,13,0,15,37,0,7,1218.818,23
2022,17,http://en.wikipedia.org/wiki/2022_Singapore_Grand_Prix,False,False,False,False,False,mick_schumacher,12,13,12,0,16,34,0,8,1333.188,23
2022,17,http://en.wikipedia.org/wiki/2022_Singapore_Grand_Prix,False,False,False,False,False,vettel,13,8,24,0,12,37,0,7,1447.568,35
2022,17,http://en.wikipedia.org/wiki/2022_Singapore_Grand_Prix,False,False,False,False,False,zhou,14,20,6,0,18,52,0,6,1563.086,23
2022,17,http://en.wikipedia.org/wiki/2022_Singapore_Grand_Prix,False,False,False,False,False,bottas,15,11,46,0,10,52,0,6,1679.169,33
2022,17,http://en.wikipedia.org/wiki/2022_Singapore_Grand_Prix,False,False,False,False,False,ricciardo,16,5,29,0,11,129,0,4,1795.395,33
2022,17,http://en.wikipedia.org/wiki/2022_Singapore_Grand_Prix,False,False,False,False,False,ocon,17,16,66,0,8,125,0,5,1911.732,26
2022,17,http://en.wikipedia.org/wiki/2022_Singapore_Grand_Prix,False,False,False,False,False,albon,18,17,4,0,19,6,0,10,2028.717,26
2022,17,http://en.wikipedia.org/wiki/2022_Singapore_Grand_Prix,False,False,False,False,False,latifi,19,19,0,0,21,6,0,10,2146.2490000000003,27
2022,18,http://en.wikipedia.org/wiki/2022_Japanese_Grand_Prix,False,False,False,False,False,max_verstappen,1,1,366,12,1,619,14,1,89.304,25
2022,18,http://en.wikipedia.org/wiki/2022_Japanese_Grand_Prix,False,False,False,False,False,leclerc,2,3,252,3,3,454,4,2,178.618,24
2022,18,http://en.wikipedia.org/wiki/2022_Japanese_Grand_Prix,False,False,False,False,False,sainz,3,19,202,1,5,454,4,2,267.979,28
2022,18,http://en.wikipedia.org/wiki/2022_Japanese_Grand_Prix,False,False,False,False,False,perez,4,2,253,2,2,619,14,1,357.688,32
2022,18,http://en.wikipedia.org/wiki/2022_Japanese_Grand_Prix,False,False,False,False,False,ocon,5,4,78,0,8,143,0,4,447.853,26
2022,18,http://en.wikipedia.org/wiki/2022_Japanese_Grand_Prix,False,False,False,False,False,hamilton,6,5,180,0,6,387,0,3,538.114,37
2022,18,http://en.wikipedia.org/wiki/2022_Japanese_Grand_Prix,False,False,False,False,False,alonso,7,7,65,0,9,143,0,4,628.436,41
2022,18,http://en.wikipedia.org/wiki/2022_Japanese_Grand_Prix,False,False,False,False,False,russell,8,8,207,0,4,387,0,3,718.825,24
2022,18,http://en.wikipedia.org/wiki/2022_Japanese_Grand_Prix,False,False,False,False,False,vettel,9,6,32,0,11,45,0,7,809.379,35
2022,18,http://en.wikipedia.org/wiki/2022_Japanese_Grand_Prix,False,False,False,False,False,norris,10,10,101,0,7,130,0,5,900.382,22
2022,18,http://en.wikipedia.org/wiki/2022_Japanese_Grand_Prix,False,False,False,False,False,ricciardo,11,11,29,0,12,130,0,5,991.0409999999999,33
2022,18,http://en.wikipedia.org/wiki/2022_Japanese_Grand_Prix,False,False,False,False,False,bottas,12,15,46,0,10,52,0,6,1081.75,33
2022,18,http://en.wikipedia.org/wiki/2022_Japanese_Grand_Prix,False,False,False,False,False,tsunoda,13,13,11,0,17,34,0,9,1172.558,22
2022,18,http://en.wikipedia.org/wiki/2022_Japanese_Grand_Prix,False,False,False,False,False,zhou,14,16,6,0,18,52,0,6,1263.511,23
2022,18,http://en.wikipedia.org/wiki/2022_Japanese_Grand_Prix,False,False,False,False,False,mick_schumacher,15,17,12,0,16,34,0,8,1354.95,23
2022,18,http://en.wikipedia.org/wiki/2022_Japanese_Grand_Prix,False,False,False,False,False,albon,16,20,4,0,19,8,0,10,1446.261,26
2022,18,http://en.wikipedia.org/wiki/2022_Japanese_Grand_Prix,False,False,False,False,False,gasly,17,18,23,0,13,34,0,9,1537.613,26
2022,18,http://en.wikipedia.org/wiki/2022_Japanese_Grand_Prix,False,False,False,False,False,kevin_magnussen,18,14,22,0,14,34,0,8,1629.032,30
2022,18,http://en.wikipedia.org/wiki/2022_Japanese_Grand_Prix,False,False,False,False,False,stroll,19,12,13,0,15,45,0,7,1720.543,23
2022,19,http://en.wikipedia.org/wiki/2022_United_States_Grand_Prix,False,False,False,False,False,sainz,1,20,202,1,5,469,4,2,94.356,28
2022,19,http://en.wikipedia.org/wiki/2022_United_States_Grand_Prix,False,False,False,False,False,max_verstappen,2,1,391,13,1,656,15,1,188.804,25
2022,19,http://en.wikipedia.org/wiki/2022_United_States_Grand_Prix,False,False,False,False,False,hamilton,3,2,198,0,6,416,0,3,283.751,37
2022,19,http://en.wikipedia.org/wiki/2022_United_States_Grand_Prix,False,False,False,False,False,russell,4,5,218,0,4,416,0,3,378.73900000000003,24
2022,19,http://en.wikipedia.org/wiki/2022_United_States_Grand_Prix,False,False,False,False,False,stroll,5,18,13,0,15,49,0,7,474.337,23
2022,19,http://en.wikipedia.org/wiki/2022_United_States_Grand_Prix,False,False,False,False,False,norris,6,6,109,0,7,138,0,5,570.027,22
2022,19,http://en.wikipedia.org/wiki/2022_United_States_Grand_Prix,False,False,False,False,False,bottas,7,19,46,0,10,52,0,6,666.346,33
2022,19,http://en.wikipedia.org/wiki/2022_United_States_Grand_Prix,False,False,False,False,False,albon,8,13,4,0,19,8,0,10,762.7139999999999,26
2022,19,http://en.wikipedia.org/wiki/2022_United_States_Grand_Prix,False,False,False,False,False,perez,9,4,265,2,3,656,15,1,857.359,32
2022,19,http://en.wikipedia.org/wiki/2022_United_States_Grand_Prix,False,False,False,False,False,vettel,10,8,36,0,11,49,0,7,953.7570000000001,35
2022,19,http://en.wikipedia.org/wiki/2022_United_States_Grand_Prix,False,False,False,False,False,gasly,11,14,23,0,14,35,0,9,1050.497,26
2022,19,http://en.wikipedia.org/wiki/2022_United_States_Grand_Prix,False,False,False,False,False,leclerc,12,3,267,3,2,469,4,2,1144.9180000000001,25
2022,19,http://en.wikipedia.org/wiki/2022_United_States_Grand_Prix,False,False,False,False,False,kevin_magnussen,13,9,24,0,13,36,0,8,1241.867,30
2022,19,http://en.wikipedia.org/wiki/2022_United_States_Grand_Prix,False,False,False,False,False,alonso,14,7,71,0,9,149,0,4,1337.743,41
2022,19,http://en.wikipedia.org/wiki/2022_United_States_Grand_Prix,False,False,False,False,False,ricciardo,15,16,29,0,12,138,0,5,1434.789,33
2022,19,http://en.wikipedia.org/wiki/2022_United_States_Grand_Prix,False,False,False,False,False,mick_schumacher,16,15,12,0,16,36,0,8,1531.9,23
2022,19,http://en.wikipedia.org/wiki/2022_United_States_Grand_Prix,False,False,False,False,False,latifi,17,17,2,0,20,8,0,10,1629.144,27
2022,19,http://en.wikipedia.org/wiki/2022_United_States_Grand_Prix,False,False,False,False,False,zhou,18,12,6,0,18,52,0,6,1726.114,23
2022,19,http://en.wikipedia.org/wiki/2022_United_States_Grand_Prix,False,False,False,False,False,tsunoda,19,10,12,0,17,35,0,9,1823.261,22
2022,20,http://en.wikipedia.org/wiki/2022_Mexican_Grand_Prix,False,False,False,False,False,max_verstappen,1,1,416,14,1,696,16,1,77.775,25
2022,20,http://en.wikipedia.org/wiki/2022_Mexican_Grand_Prix,False,False,False,False,False,russell,2,4,231,0,4,447,0,3,155.854,24
2022,20,http://en.wikipedia.org/wiki/2022_Mexican_Grand_Prix,False,False,False,False,False,hamilton,3,2,216,0,5,447,0,3,233.93800000000002,37
2022,20,http://en.wikipedia.org/wiki/2022_Mexican_Grand_Prix,False,False,False,False,False,perez,4,3,280,2,2,696,16,1,312.06600000000003,32
2022,20,http://en.wikipedia.org/wiki/2022_Mexican_Grand_Prix,False,False,False,False,False,sainz,5,5,212,1,6,487,4,2,390.41700000000003,28
2022,20,http://en.wikipedia.org/wiki/2022_Mexican_Grand_Prix,False,False,False,False,False,bottas,6,10,47,0,10,53,0,6,468.818,33
2022,20,http://en.wikipedia.org/wiki/2022_Mexican_Grand_Prix,False,False,False,False,False,leclerc,7,6,275,3,3,487,4,2,547.373,25
2022,20,http://en.wikipedia.org/wiki/2022_Mexican_Grand_Prix,False,False,False,False,False,norris,8,9,111,0,7,146,0,5,626.094,22
2022,20,http://en.wikipedia.org/wiki/2022_Mexican_Grand_Prix,False,False,False,False,False,alonso,9,19,71,0,9,153,0,4,705.033,41
2022,20,http://en.wikipedia.org/wiki/2022_Mexican_Grand_Prix,False,False,False,False,False,ocon,10,8,82,0,8,153,0,4,784.043,26
2022,20,http://en.wikipedia.org/wiki/2022_Mexican_Grand_Prix,False,False,False,False,False,ricciardo,11,7,35,0,12,146,0,5,863.368,33
2022,20,http://en.wikipedia.org/wiki/2022_Mexican_Grand_Prix,False,False,False,False,False,zhou,12,13,6,0,18,53,0,6,942.844,23
2022,20,http://en.wikipedia.org/wiki/2022_Mexican_Grand_Prix,False,False,False,False,False,tsunoda,13,20,12,0,17,35,0,9,1022.433,22
2022,20,http://en.wikipedia.org/wiki/2022_Mexican_Grand_Prix,False,False,False,False,False,gasly,14,11,23,0,14,35,0,9,1102.105,26
2022,20,http://en.wikipedia.org/wiki/2022_Mexican_Grand_Prix,False,False,False,False,False,mick_schumacher,15,16,12,0,16,36,0,8,1182.5240000000001,23
2022,20,http://en.wikipedia.org/wiki/2022_Mexican_Grand_Prix,False,False,False,False,False,vettel,16,14,36,0,11,49,0,7,1262.943,35
2022,20,http://en.wikipedia.org/wiki/2022_Mexican_Grand_Prix,False,False,False,False,False,albon,17,12,4,0,19,8,0,10,1343.8020000000001,26
2022,20,http://en.wikipedia.org/wiki/2022_Mexican_Grand_Prix,False,False,False,False,False,latifi,18,18,2,0,20,8,0,10,1424.969,27
2022,20,http://en.wikipedia.org/wiki/2022_Mexican_Grand_Prix,False,False,False,False,False,kevin_magnussen,19,17,24,0,13,36,0,8,1504.8020000000001,30
2022,20,http://en.wikipedia.org/wiki/2022_Mexican_Grand_Prix,False,False,False,False,False,stroll,20,15,13,0,15,49,0,7,1585.3220000000001,24
2022,22,http://en.wikipedia.org/wiki/2022_Abu_Dhabi_Grand_Prix,False,False,False,False,False,max_verstappen,1,1,454,15,1,759,17,1,83.824,25
2022,22,http://en.wikipedia.org/wiki/2022_Abu_Dhabi_Grand_Prix,False,False,False,False,False,perez,2,3,305,2,3,759,17,1,167.87599999999998,32
2022,22,http://en.wikipedia.org/wiki/2022_Abu_Dhabi_Grand_Prix,False,False,False,False,False,leclerc,3,2,308,3,2,554,4,2,251.968,25
2022,22,http://en.wikipedia.org/wiki/2022_Abu_Dhabi_Grand_Prix,False,False,False,False,False,sainz,4,4,246,1,5,554,4,2,336.21,28
2022,22,http://en.wikipedia.org/wiki/2022_Abu_Dhabi_Grand_Prix,False,False,False,False,False,hamilton,5,18,240,0,6,515,1,3,420.71799999999996,37
2022,22,http://en.wikipedia.org/wiki/2022_Abu_Dhabi_Grand_Prix,False,False,False,False,False,russell,6,5,275,1,4,515,1,3,505.229,24
2022,22,http://en.wikipedia.org/wiki/2022_Abu_Dhabi_Grand_Prix,False,False,False,False,False,norris,7,6,122,0,7,159,0,5,589.998,23
2022,22,http://en.wikipedia.org/wiki/2022_Abu_Dhabi_Grand_Prix,False,False,False,False,False,ocon,8,7,92,0,8,173,0,4,674.828,26
2022,22,http://en.wikipedia.org/wiki/2022_Abu_Dhabi_Grand_Prix,False,False,False,False,False,vettel,9,10,37,0,12,55,0,7,759.789,35
2022,22,http://en.wikipedia.org/wiki/2022_Abu_Dhabi_Grand_Prix,False,False,False,False,False,alonso,10,20,81,0,9,173,0,4,844.885,41
2022,22,http://en.wikipedia.org/wiki/2022_Abu_Dhabi_Grand_Prix,False,False,False,False,False,tsunoda,11,11,12,0,17,35,0,9,930.104,22
2022,22,http://en.wikipedia.org/wiki/2022_Abu_Dhabi_Grand_Prix,False,False,False,False,False,mick_schumacher,12,16,12,0,16,37,0,8,1015.329,23
2022,22,http://en.wikipedia.org/wiki/2022_Abu_Dhabi_Grand_Prix,False,False,False,False,False,ricciardo,13,9,37,0,11,159,0,5,1100.374,33
2022,22,http://en.wikipedia.org/wiki/2022_Abu_Dhabi_Grand_Prix,False,False,False,False,False,stroll,14,8,18,0,15,55,0,7,1185.733,24
2022,22,http://en.wikipedia.org/wiki/2022_Abu_Dhabi_Grand_Prix,False,False,False,False,False,zhou,15,12,6,0,18,55,0,6,1271.141,23
2022,22,http://en.wikipedia.org/wiki/2022_Abu_Dhabi_Grand_Prix,False,False,False,False,False,kevin_magnussen,16,17,25,0,13,37,0,8,1356.975,30
2022,22,http://en.wikipedia.org/wiki/2022_Abu_Dhabi_Grand_Prix,False,False,False,False,False,gasly,17,14,23,0,14,35,0,9,1442.834,26
2022,22,http://en.wikipedia.org/wiki/2022_Abu_Dhabi_Grand_Prix,False,False,False,False,False,bottas,18,15,49,0,10,55,0,6,1528.726,33
2022,22,http://en.wikipedia.org/wiki/2022_Abu_Dhabi_Grand_Prix,False,False,False,False,False,albon,19,13,4,0,19,8,0,10,1614.754,26
2022,22,http://en.wikipedia.org/wiki/2022_Abu_Dhabi_Grand_Prix,False,False,False,False,False,latifi,20,19,2,0,20,8,0,10,1700.808,27
